<?xml version="1.0" encoding="UTF-8"?>
<!DOCTYPE mapper PUBLIC "-//mybatis.org//DTD Mapper 3.0//EN"
"http://mybatis.org/dtd/mybatis-3-mapper.dtd">
	
<mapper namespace="com.oracle.mapper.AdminMapper">

    <resultMap id="adminMap" type="com.oracle.pojo.Admin">
        <id column="admin_id" property="adminId"/>
        <result column="admin_id" property="adminId" />
        <result column="username" property="userName"/>
        <result column="password" property="password"/>
        <result column="name" property="name"/>
        <result column="avatar" property="avatar"/>
        <result column="phone" property="phone"/>
        <result column="email" property="email" />
    </resultMap>


    <select id="selectAdminByUsername" resultMap="adminMap">
        select * from admins where username=#{username}
    </select>

    <select id="selectAdminById" resultMap="adminMap">
        select * from admins where admin_id=#{id}
    </select>


    <update id="updateAdminPassword">
        update admins set password=#{password} where admin_id=#{id}
    </update>

    <select id="selectCountByUsername" resultType="java.lang.Integer">
        select count(admin_id) from admins where username=#{username}
    </select>
</mapper>
