<?xml version="1.0" encoding="UTF-8"?>
<!DOCTYPE mapper PUBLIC "-//mybatis.org//DTD Mapper 3.0//EN"
        "http://mybatis.org/dtd/mybatis-3-mapper.dtd">

<mapper namespace="com.oracle.mapper.AnnouncementMapper">

    <resultMap id="announcementMap" type="com.oracle.pojo.Announcement">
        <id column="announcement_id" property="announcementId"/>
        <result column="title" property="announcementTitle"/>
        <result column="content" property="announcementContent"/>
        <result column="creation_time" property="announcementCreateTime"/>
        <result column="creator" property="announcementCreator"/>
    </resultMap>
    <delete id="deleteAnnouncementById">
        delete from announcement where announcement_id=#{id}
    </delete>

    <select id="selectAnnouncementAll" resultMap="announcementMap">
        select * from announcement
    </select>
    <insert id="insertAnnouncement" parameterType="com.oracle.pojo.Announcement">
        insert into announcement values (null,#{announcementTitle},#{announcementContent},#{announcementCreateTime},#{announcementCreator})
    </insert>

</mapper>