<?xml version="1.0" encoding="UTF-8"?>
<!DOCTYPE mapper PUBLIC "-//mybatis.org//DTD Mapper 3.0//EN"
"http://mybatis.org/dtd/mybatis-3-mapper.dtd">
	
<mapper namespace="com.oracle.mapper.AppointmentMapper">
    <resultMap id="AppointmentMap" type="com.oracle.pojo.Appointment">
        <id column="appointment_id" property="appointmentId"/>
        <result column="patient_id" property="patientId"/>
        <result column="doctor_id" property="doctorId"/>
        <result column="appointment_date" property="appointmentDate"/>
        <result column="status" property="currentStatus"/>

    </resultMap>


<select id="selectAppointmentByPatientId" resultMap="AppointmentMap">
    select * from appointments where patient_id={id}
</select>

    <insert id="insertAppointment" parameterType="com.oracle.pojo.Appointment">
        insert into appointments values (null,#{patientId},#{doctorId},#{appointmentDate},#{currentStatus})
    </insert>
</mapper>
