<?xml version="1.0" encoding="UTF-8"?>
<!DOCTYPE mapper PUBLIC "-//mybatis.org//DTD Mapper 3.0//EN"
"http://mybatis.org/dtd/mybatis-3-mapper.dtd">
	
<mapper namespace="com.oracle.mapper.ProfessionalTitleMapper">

    <resultMap id="professionalTitleMap" type="com.oracle.pojo.ProfessionalTitle">
        <id column="id" property="id"/>
        <result column="id" property="id"/>
        <result column="title_name" property="titleName"/>
        <result column="description" property="description"/>
    </resultMap>

    <select id="selectProfessionalTitleAll" resultMap="professionalTitleMap">
        select * from professional_titles
    </select>

</mapper>
